Peak Name,Star Name,Occlusion Time,Occlusion Date,UTC, Observer Name,Peak Lat,Peak Long,Obs Lat,Obs Long,Peak Alt (m),Obs Alt (m),Distance (m),Star->Peak ♈︎ (dd),Star->Peak ϵ (dd),Star->Obs ♈︎ (dd),Star->Obs ϵ (dd),Canva Links,Star GP Lat,Star GP Long,Star GP Dist (m),Star Drop Rate (arcsec),GE Occlusion Check,Temp (C),Azi (Peak)
Pikes Peak,39 Aquarii,18:43:07 ,1/27/2025,-7,Dr. Heffron,38.840278,-105.044444,38.9997,-104.49723,4300.0000,2073.0000,50550.7634,2.5562,2.7486,2.1024,2.3256,https://www.canva.com/design/DAGuZzsUYXg/qAqZfOXVKZs6RJTDx5ZLmw/edit?utm_content=DAGuZzsUYXg&utm_campaign=designshare&utm_medium=link2&utm_source=sharebutton,-14.072628,179.92305,9774006,-10.97,18:43:14,-0.2,
Blodgett Peak,LP Aquarii,19:06:56 ,2/7/2025,-7,Dr. Heffron,38.958889,-104.907222,38.9997,-104.49723,2870.0000,2073.0000,35729.0224,1.1925,1.4572,0.8712,1.1636,https://www.canva.com/design/DAGupsE_8_c/3Cs2JU74kPcX8_EnM8Xg0A/edit,-4.973055,170.66983,8343705,-11.58,19:07:11,,
Cheyenne Mtn,Mu Fornacis,19:01:14 ,3/9/2025,-6,Dr. Heffron,38.743889,-104.862778,38.9997,-104.49723,2883.0000,2073.0000,42550.7543,1.0011,1.2796,0.6184,0.9356,https://www.canva.com/design/DAGus3QgsXQ/kxu5IAhyKFuwtI3-c9IZVw/edit?utm_content=DAGus3QgsXQ&utm_campaign=designshare&utm_medium=link2&utm_source=sharebutton,-30.608936,-164.813828,9938836,-8.74,19:01:26,,
Blue Mtn,HD 32515,21:32:54 ,3/12/2025,-6,Dr. Heffron,38.693889,-104.915833,38.9997,-104.49723,3001.0000,2073.0000,49703.9764,1.0051,1.2833,0.5582,0.8850,https://www.canva.com/design/DAGutSizCak/7J_EYU1eBEYTpgd118RxKQ/edit?utm_content=DAGutSizCak&utm_campaign=designshare&utm_medium=link2&utm_source=sharebutton,,,,-8.52,21:33:07,,
Mount Rosa,HD 17320,19:51:26 ,3/10/2025,-6,Dr. Heffron,38.754167,-104.948056,38.9997,-104.49723,3506.0000,2073.0000,47627.6460,1.7113,1.9435,1.2830,1.5469,https://www.canva.com/design/DAGutZJTXu0/W_IDu7dSKM-5R0YXIUg5Pg/edit?utm_content=DAGutZJTXu0&utm_campaign=designshare&utm_medium=link2&utm_source=sharebutton,-25.23214,-170.075089,9864951,-9.62,19:51:37,,
Green Mtn,HD 28388,22:02:58 ,3/14/2025,-6,Dr. Heffron,38.696111,-104.963333,38.9997,-104.49723,3084.9000,2073.0000,52619.9358,1.0808,1.4303,0.6076,0.9353,https://www.canva.com/design/DAGutbGTyyg/Y251fYyUTElVAqjcaHKi6w/edit?utm_content=DAGutbGTyyg&utm_campaign=designshare&utm_medium=link2&utm_source=sharebutton,,,,-9.03,21:03:13,,
North Peak,HD55892 (I Puppis),21:08:21 ,3/23/2025,-6,Dr. Heffron,37.901389,-105.032222,38.9997,-104.49723,3765.0000,2073.0000,130710.2040,0.9680,1.3293,-0.2000,0.2067,https://www.canva.com/design/DAGupdWer1Y/Gb9oJ-K8gPjMl9DnK-P1Uw/edit?utm_content=DAGupdWer1Y&utm_campaign=designshare&utm_medium=link2&utm_source=sharebutton,-46.804974,-135.659821,10030449,-4.14,21:08:56,,
North Peak,HD56455 (PR Puppis),21:09:11 ,3/23/2025,-6,Dr. Heffron,37.901389,-105.032222,38.9997,-104.49723,3765.0000,2073.0000,130710.2040,0.9819,1.3409,-0.1935,0.2150,https://www.canva.com/design/DAGupdWer1Y/Gb9oJ-K8gPjMl9DnK-P1Uw/edit?utm_content=DAGupdWer1Y&utm_campaign=designshare&utm_medium=link2&utm_source=sharebutton,,,,-4.14,,,
North Peak,HD56813,21:11:40 ,3/23/2025,-6,Dr. Heffron,37.901389,-105.032222,38.9997,-104.49723,3765.0000,2073.0000,130710.2040,0.9788,1.3381,-0.1996,0.2153,https://www.canva.com/design/DAGupdWer1Y/Gb9oJ-K8gPjMl9DnK-P1Uw/edit?utm_content=DAGupdWer1Y&utm_campaign=designshare&utm_medium=link2&utm_source=sharebutton,,,,-4.14,,,
Getaway Mtn,HD 102928,00:36:25 ,7/1/2025,-6,Katalan,43.33889,-116.83461,43.4007966,-116.234757,1642.0000,890.0000,48973.1776,0.7577,1.0979,0.3143,0.6958,https://www.canva.com/design/DAGsIx3r62A/Loom7fNJcopvhM6L9z3RRQ/edit?utm_content=DAGsIx3r62A&utm_campaign=designshare&utm_medium=link2&utm_source=sharebutton,-5.475567,159.404648,9972451,-10.83,0:36:43,,261.4666667
Hounds Tooth,HD199828,22:47:52 ,6/27/2025,-6,Katalan,40.586967,-111.7310611,40.623469,-111.8234,3067.0000,1411.0000,8788.6761,10.6174,10.6883,10.5383,10.6069,https://www.canva.com/design/DAGrsWn1wAM/yVB4VgqfS67ph9mWSuRpLw/edit,-12.951442,-48.216755,8835734,10.15,22:47:59,26.1,
Old-Blyn Mtn,HD206088,01:54:46 ,5/28/2025,-7,Jesse,48.01639,-122.92667,48.10522,-123.19199,650.0000,43.0000,22053.2496,1.3630,1.6854,1.1639,1.5106,https://www.canva.com/design/DAGuVK8quA8/tfowO1EtuqJw28LcYuEJVw/edit?utm_content=DAGuVK8quA8&utm_campaign=designshare&utm_medium=link2&utm_source=sharebutton,,,,9.04,1:54:34,,
Old-Blyn Mtn,HD207098,01:58:38 ,5/28/2025,-7,Jesse,48.0164,-122.9267,48.1052,-123.192,636.0000,43.0000,22050.4285,1.3250,1.6481,1.1232,1.4736,https://www.canva.com/design/DAGuVK8quA8/tfowO1EtuqJw28LcYuEJVw/edit?utm_content=DAGuVK8quA8&utm_campaign=designshare&utm_medium=link2&utm_source=sharebutton,-16.010586,-53.707783,9882398,9.04,1:58:26,,
Ediz-Blyn Mtn,HD187663,23:42:17 ,5/27/2025,-7,Jesse,48.0172306,-122.926025,48.1409444,-123.4438889,650.0000,6.0000,40857.3593,0.7000,1.0950,0.3400,0.7639,https://www.canva.com/design/DAGuVK8quA8/tfowO1EtuqJw28LcYuEJVw/edit?utm_content=DAGuVK8quA8&utm_campaign=designshare&utm_medium=link2&utm_source=sharebutton,,,,9.5,23:41:51,,
Ediz-Blyn Mtn,3 Cap,00:05:07 ,5/28/2025,-7,Jesse,48.0172,-122.926,48.1409,-123.4439,631.0000,6.0000,40859.3944,0.6397,1.0344,0.2723,0.7142,https://www.canva.com/design/DAGuVK8quA8/tfowO1EtuqJw28LcYuEJVw/edit?utm_content=DAGuVK8quA8&utm_campaign=designshare&utm_medium=link2&utm_source=sharebutton,,,,9.5,0:05:03,,
Varley SE2 Squamish,Regulus,00:30:21 ,6/11/2025,-7,Goose,49.59238889,-123.4611111,49.55916667,-123.2355556,1424.0000,4.0000,16677.5973,4.7858,4.9500,4.6358,4.8019,https://www.canva.com/design/DAGutvSY2VU/E6m3QgkZRVtmA_4Ds2HPOA/edit?utm_content=DAGutvSY2VU&utm_campaign=designshare&utm_medium=link2&utm_source=sharebutton,-12.466111,-48.228584,9972500,-9.51,0:30:26,,
Puhitempi Kuaikatete,EZ Cet,01:11:53 ,12/31/2025,-7,Katalan,43.26754,-116.88338,43.4007966,-116.234757,2000.0000,890.0000,54512.3666,0.9631,1.3069,0.5261,0.9147,https://www.canva.com/design/DAG9cWsueUY/GBKadij-a2tkEE0n1u161g/edit?ui=eyJBIjp7Ik8iOnsiQiI6dHJ1ZX19LCJGIjp7fX0,,,,-10.83,1:13:11,,254.4333333
Puhitempi Kuaikatete,53 Cet,01:12:17 ,12/31/2025,-7,Katalan,43.26754,-116.88338,43.4007966,-116.234757,2000.0000,890.0000,54512.3666,0.9375,1.2853,0.5006,0.8933,https://www.canva.com/design/DAG9cWsueUY/GBKadij-a2tkEE0n1u161g/edit?ui=eyJBIjp7Ik8iOnsiQiI6dHJ1ZX19LCJGIjp7fX0,,,,-10.83,1:13:11,,254.489139
Puhitempi Kuaikatete,Baten Kaitos,01:15:50 ,12/31/2025,-7,Katalan,43.27933,-116.85465,43.4007966,-116.234757,1877.0000,890.0000,51918.9946,0.8883,1.2417,0.4519,0.8503,https://www.canva.com/design/DAG9cWsueUY/GBKadij-a2tkEE0n1u161g/edit?ui=eyJBIjp7Ik8iOnsiQiI6dHJ1ZX19LCJGIjp7fX0,,,,-10.83,,,255.028889
Pikes Peak,HD 217533,19:31:40 ,1/27/2025,-7,Dr. Heffron,38.840278,-105.044444,38.9997,-104.49723,4299.8000,2073.6800,50550.7634,2.5766,2.7675,2.1086,2.3342,,,,,-10.97,,-4.16,249.509595
Pikes Peak,HD 217533 (2),19:15:57 ,1/31/2025,-7,Dr. Heffron,38.840278,-105.044444,38.9997,-104.49723,4299.8000,2073.6800,50550.7634,2.5748,2.7656,2.1067,2.3322,,,,,-10.97,,-4.16,249.509595
Pikes Peak,39 Aquarii (Moon),18:31:22 ,1/30/2025,-7,Dr. Heffron,38.840278,-105.044444,38.9997,-104.49723,4299.8000,2073.6800,50550.7634,2.5486,2.7533,2.0939,2.3203,,,,,-10.97,,-5,249.509595
Lucky Peak, HD 76600,19:09:46 ,2/5/2026,-7,Katalan,43.611799,-116.089012,43.616306,-116.158167,1506.0000,899.0000,5589.8634,6.0389,6.1848,5.9888,6.1150,,,,,-10.83,,10,95.199806
Lucky Peak,HD 76525,19:09:59 ,2/5/2026,-7,Katalan,43.611799,-116.089012,43.616306,-116.158167,1506.0000,899.0000,5589.8634,6.0840,6.2086,6.0130,6.1388,,,,,-10.83,,10,95.199806
Lucky Peak,SAO 117309,19:11:35 ,2/5/2026,-7,Katalan,43.611799,-116.089012,43.616306,-116.158167,1506.0000,899.0000,5589.8634,6.0386,6.1639,5.9883,6.1145,,,,,-10.83,,10,95.199806
Lucky Peak,HD 77039,19:12:16 ,2/5/2026,-7,Katalan,43.611799,-116.089012,43.616306,-116.158167,1506.0000,899.0000,5589.8634,6.0303,6.1558,5.9801,6.1063,,,,,-10.83,,10,95.199806
Lucky Peak,HD 78282,19:19:33 ,2/5/2026,-7,Katalan,43.611799,-116.089012,43.616306,-116.158167,1506.0000,899.0000,5589.8634,6.0216,6.1472,5.9713,6.0978,,,,,-10.83,,10,95.199806
Lucky Peak,SAO 117493,19:24:56 ,2/5/2026,-7,Katalan,43.611799,-116.089012,43.616306,-116.158167,1506.0000,899.0000,5589.8634,6.0573,6.1823,6.0071,6.1329,,,,,-10.83,,10,95.199806
Lucky Peak,HIP 45114,19:24:57 ,2/5/2026,-7,Katalan,43.611799,-116.089012,43.616306,-116.158167,1506.0000,899.0000,5589.8634,6.0402,6.1655,5.9899,6.1161,,,,,-10.83,,10,95.199806
Lucky Peak,HIP 45592,19:30:01 ,2/5/2026,-7,Katalan,43.611799,-116.089012,43.616306,-116.158167,1506.0000,899.0000,5589.8634,6.0441,6.1693,5.9938,6.1198,,,,,-10.83,,10,95.199806
Lucky Peak,SOA 117565,19:30:24 ,2/5/2026,-7,Katalan,43.611799,-116.089012,43.616306,-116.158167,1506.0000,899.0000,5589.8634,6.0624,6.1873,6.0121,6.1379,,,,,-10.83,,10,95.199806
Lucky Peak,HD 80537,19:33:57 ,2/5/2026,-7,Katalan,43.611799,-116.089012,43.616306,-116.158167,1506.0000,899.0000,5589.8634,6.0457,6.1709,5.9954,6.1215,,,,,-10.83,,10,95.199806